business_id,month,cash_in,cash_out,revenue,debt,accounts_receivable,accounts_payable,inventory_value,late_payment_rate,delivery_delay_rate
BIZ-001,2025-06,6464791666,5742749999,6716666666,1712749999,1692599999,940333333,1128399999,0.072,0.050
BIZ-001,2025-07,6632708332,5742749999,6716666666,1712749999,1692599999,940333333,1128399999,0.072,0.050
BIZ-001,2025-08,6800624999,5742749999,6716666666,1712749999,1692599999,940333333,1128399999,0.072,0.050
BIZ-001,2025-09,6968541665,5742749999,6716666666,1712749999,1692599999,940333333,1128399999,0.072,0.050
BIZ-001,2025-10,6464791666,5742749999,6716666666,1712749999,1692599999,940333333,1128399999,0.072,0.050
BIZ-001,2025-11,6632708332,5742749999,6716666666,1712749999,1692599999,940333333,1128399999,0.072,0.050
BIZ-001,2025-12,6800624999,5742749999,6716666666,1712749999,1692599999,940333333,1128399999,0.072,0.050
BIZ-001,2026-01,6968541665,5742749999,6716666666,1712749999,1692599999,940333333,1128399999,0.072,0.050
BIZ-001,2026-02,6464791666,5742749999,6716666666,1712749999,1692599999,940333333,1128399999,0.072,0.050
BIZ-001,2026-03,6632708332,5742749999,6716666666,1712749999,1692599999,940333333,1128399999,0.072,0.050
BIZ-001,2026-04,6800624999,5742749999,6716666666,1712749999,1692599999,940333333,1128399999,0.072,0.050
BIZ-001,2026-05,6968541665,5742749999,6716666666,1712749999,1692599999,940333333,1128399999,0.072,0.050
BIZ-002,2025-06,6962083333,6437666666,7233333333,2097666666,1909599999,1157333333,1345399999,0.084,0.060
BIZ-002,2025-07,7142916666,6437666666,7233333333,2097666666,1909599999,1157333333,1345399999,0.084,0.060
BIZ-002,2025-08,7323749999,6437666666,7233333333,2097666666,1909599999,1157333333,1345399999,0.084,0.060
BIZ-002,2025-09,7504583332,6437666666,7233333333,2097666666,1909599999,1157333333,1345399999,0.084,0.060
BIZ-002,2025-10,6962083333,6437666666,7233333333,2097666666,1909599999,1157333333,1345399999,0.084,0.060
BIZ-002,2025-11,7142916666,6437666666,7233333333,2097666666,1909599999,1157333333,1345399999,0.084,0.060
BIZ-002,2025-12,7323749999,6437666666,7233333333,2097666666,1909599999,1157333333,1345399999,0.084,0.060
BIZ-002,2026-01,7504583332,6437666666,7233333333,2097666666,1909599999,1157333333,1345399999,0.084,0.060
BIZ-002,2026-02,6962083333,6437666666,7233333333,2097666666,1909599999,1157333333,1345399999,0.084,0.060
BIZ-002,2026-03,7142916666,6437666666,7233333333,2097666666,1909599999,1157333333,1345399999,0.084,0.060
BIZ-002,2026-04,7323749999,6437666666,7233333333,2097666666,1909599999,1157333333,1345399999,0.084,0.060
BIZ-002,2026-05,7504583332,6437666666,7233333333,2097666666,1909599999,1157333333,1345399999,0.084,0.060
BIZ-003,2025-06,7459375000,7168749999,7750000000,2518750000,2139000000,1395000000,1581000000,0.096,0.070
BIZ-003,2025-07,7653125000,7168749999,7750000000,2518750000,2139000000,1395000000,1581000000,0.096,0.070
BIZ-003,2025-08,7846875000,7168749999,7750000000,2518750000,2139000000,1395000000,1581000000,0.096,0.070
BIZ-003,2025-09,8040625000,7168749999,7750000000,2518750000,2139000000,1395000000,1581000000,0.096,0.070
BIZ-003,2025-10,7459375000,7168749999,7750000000,2518750000,2139000000,1395000000,1581000000,0.096,0.070
BIZ-003,2025-11,7653125000,7168749999,7750000000,2518750000,2139000000,1395000000,1581000000,0.096,0.070
BIZ-003,2025-12,7846875000,7168749999,7750000000,2518750000,2139000000,1395000000,1581000000,0.096,0.070
BIZ-003,2026-01,8040625000,7168749999,7750000000,2518750000,2139000000,1395000000,1581000000,0.096,0.070
BIZ-003,2026-02,7459375000,7168749999,7750000000,2518750000,2139000000,1395000000,1581000000,0.096,0.070
BIZ-003,2026-03,7653125000,7168749999,7750000000,2518750000,2139000000,1395000000,1581000000,0.096,0.070
BIZ-003,2026-04,7846875000,7168749999,7750000000,2518750000,2139000000,1395000000,1581000000,0.096,0.070
BIZ-003,2026-05,8040625000,7168749999,7750000000,2518750000,2139000000,1395000000,1581000000,0.096,0.070
BIZ-004,2025-06,3850000000,3280000000,4000000000,1440000000,1152000000,800000000,887999999,0.108,0.040
BIZ-004,2025-07,3950000000,3280000000,4000000000,1440000000,1152000000,800000000,887999999,0.108,0.040
BIZ-004,2025-08,4050000000,3280000000,4000000000,1440000000,1152000000,800000000,887999999,0.108,0.040
BIZ-004,2025-09,4150000000,3280000000,4000000000,1440000000,1152000000,800000000,887999999,0.108,0.040
BIZ-004,2025-10,3850000000,3280000000,4000000000,1440000000,1152000000,800000000,887999999,0.108,0.040
BIZ-004,2025-11,3950000000,3280000000,4000000000,1440000000,1152000000,800000000,887999999,0.108,0.040
BIZ-004,2025-12,4050000000,3280000000,4000000000,1440000000,1152000000,800000000,887999999,0.108,0.040
BIZ-004,2026-01,4150000000,3280000000,4000000000,1440000000,1152000000,800000000,887999999,0.108,0.040
BIZ-004,2026-02,3850000000,3280000000,4000000000,1440000000,1152000000,800000000,887999999,0.108,0.040
BIZ-004,2026-03,3950000000,3280000000,4000000000,1440000000,1152000000,800000000,887999999,0.108,0.040
BIZ-004,2026-04,4050000000,3280000000,4000000000,1440000000,1152000000,800000000,887999999,0.108,0.040
BIZ-004,2026-05,4150000000,3280000000,4000000000,1440000000,1152000000,800000000,887999999,0.108,0.040
BIZ-005,2025-06,4090625000,3633750000,4250000000,2210000000,1020000000,510000000,1020000000,0.060,0.050
BIZ-005,2025-07,4196875000,3633750000,4250000000,2261000000,1020000000,510000000,1020000000,0.060,0.050
BIZ-005,2025-08,4303125000,3633750000,4250000000,2312000000,1020000000,510000000,1020000000,0.060,0.050
BIZ-005,2025-09,4409375000,3633750000,4250000000,2363000000,1020000000,510000000,1020000000,0.060,0.050
BIZ-005,2025-10,4090625000,3633750000,4250000000,2414000000,1020000000,510000000,1020000000,0.060,0.050
BIZ-005,2025-11,4196875000,3633750000,4250000000,2465000000,1020000000,510000000,1020000000,0.060,0.050
BIZ-005,2025-12,4303125000,3633750000,4250000000,2516000000,1020000000,510000000,1020000000,0.060,0.050
BIZ-005,2026-01,4409375000,3633750000,4250000000,2567000000,1020000000,510000000,1020000000,0.060,0.050
BIZ-005,2026-02,4090625000,3633750000,4250000000,2618000000,1020000000,510000000,1020000000,0.060,0.050
BIZ-005,2026-03,3777187500,4080000000,4250000000,2669000000,1360000000,510000000,1232500000,0.140,0.090
BIZ-005,2026-04,3614625000,4080000000,4250000000,2720000000,1572500000,510000000,1359999999,0.190,0.120
BIZ-005,2026-05,3351125000,4080000000,4250000000,2771000000,1785000000,510000000,1487500000,0.240,0.160
BIZ-006,2025-06,4331250000,4004999999,4500000000,990000000,1134000000,629999999,1161000000,0.072,0.060
BIZ-006,2025-07,4443750000,4004999999,4500000000,990000000,1134000000,629999999,1161000000,0.072,0.060
BIZ-006,2025-08,4556250000,4004999999,4500000000,990000000,1134000000,629999999,1161000000,0.072,0.060
BIZ-006,2025-09,4668750000,4004999999,4500000000,990000000,1134000000,629999999,1161000000,0.072,0.060
BIZ-006,2025-10,4331250000,4004999999,4500000000,990000000,1134000000,629999999,1161000000,0.072,0.060
BIZ-006,2025-11,4443750000,4004999999,4500000000,990000000,1134000000,629999999,1161000000,0.072,0.060
BIZ-006,2025-12,4556250000,4004999999,4500000000,990000000,1134000000,629999999,1161000000,0.072,0.060
BIZ-006,2026-01,4668750000,4004999999,4500000000,990000000,1134000000,629999999,1161000000,0.072,0.060
BIZ-006,2026-02,4331250000,4004999999,4500000000,990000000,1134000000,629999999,1161000000,0.072,0.060
BIZ-006,2026-03,4443750000,4004999999,4500000000,990000000,1134000000,629999999,1161000000,0.072,0.060
BIZ-006,2026-04,4556250000,4004999999,4500000000,990000000,1134000000,629999999,1161000000,0.072,0.060
BIZ-006,2026-05,4668750000,4004999999,4500000000,990000000,1134000000,629999999,1161000000,0.072,0.060
BIZ-007,2025-06,4571875000,4393750000,4750000000,1211250000,1254000000,760000000,712500000,0.084,0.070
BIZ-007,2025-07,4690625000,4393750000,4750000000,1211250000,1254000000,760000000,712500000,0.084,0.070
BIZ-007,2025-08,4809375000,4393750000,4750000000,1211250000,1254000000,760000000,712500000,0.084,0.070
BIZ-007,2025-09,4928125000,4393750000,4750000000,1211250000,1254000000,760000000,712500000,0.084,0.070
BIZ-007,2025-10,4571875000,4393750000,4750000000,1211250000,1254000000,760000000,712500000,0.084,0.070
BIZ-007,2025-11,4690625000,4393750000,4750000000,1211250000,1254000000,760000000,712500000,0.084,0.070
BIZ-007,2025-12,4809375000,4393750000,4750000000,1211250000,1254000000,760000000,712500000,0.084,0.070
BIZ-007,2026-01,4928125000,4393750000,4750000000,1211250000,1254000000,760000000,712500000,0.084,0.070
BIZ-007,2026-02,4571875000,4393750000,4750000000,1211250000,1254000000,760000000,712500000,0.084,0.070
BIZ-007,2026-03,4690625000,4393750000,4750000000,1211250000,1254000000,760000000,712500000,0.084,0.070
BIZ-007,2026-04,4809375000,4393750000,4750000000,1211250000,1254000000,760000000,712500000,0.084,0.070
BIZ-007,2026-05,4928125000,4393750000,4750000000,1211250000,1254000000,760000000,712500000,0.084,0.070
BIZ-008,2025-06,1251250000,1065999999,1300000000,377000000,358800000,234000000,218399999,0.096,0.040
BIZ-008,2025-07,1283750000,1065999999,1300000000,377000000,358800000,234000000,218399999,0.096,0.040
BIZ-008,2025-08,1316250000,1065999999,1300000000,377000000,358800000,234000000,218399999,0.096,0.040
BIZ-008,2025-09,1348750000,1065999999,1300000000,377000000,358800000,234000000,218399999,0.096,0.040
BIZ-008,2025-10,1251250000,1065999999,1300000000,377000000,358800000,234000000,218399999,0.096,0.040
BIZ-008,2025-11,1283750000,1065999999,1300000000,377000000,358800000,234000000,218399999,0.096,0.040
BIZ-008,2025-12,1316250000,1065999999,1300000000,377000000,358800000,234000000,218399999,0.096,0.040
BIZ-008,2026-01,1348750000,1065999999,1300000000,377000000,358800000,234000000,218399999,0.096,0.040
BIZ-008,2026-02,1251250000,1065999999,1300000000,377000000,358800000,234000000,218399999,0.096,0.040
BIZ-008,2026-03,1283750000,1065999999,1300000000,377000000,358800000,234000000,218399999,0.096,0.040
BIZ-008,2026-04,1316250000,1065999999,1300000000,377000000,358800000,234000000,218399999,0.096,0.040
BIZ-008,2026-05,1348750000,1065999999,1300000000,377000000,358800000,234000000,218399999,0.096,0.040
BIZ-009,2025-06,750750000,666900000,780000000,253500000,224639999,156000000,145080000,0.108,0.050
BIZ-009,2025-07,770250000,666900000,780000000,253500000,224639999,156000000,145080000,0.108,0.050
BIZ-009,2025-08,789750000,666900000,780000000,253500000,224639999,156000000,145080000,0.108,0.050
BIZ-009,2025-09,809250000,666900000,780000000,253500000,224639999,156000000,145080000,0.108,0.050
BIZ-009,2025-10,750750000,666900000,780000000,253500000,224639999,156000000,145080000,0.108,0.050
BIZ-009,2025-11,770250000,666900000,780000000,253500000,224639999,156000000,145080000,0.108,0.050
BIZ-009,2025-12,789750000,666900000,780000000,253500000,224639999,156000000,145080000,0.108,0.050
BIZ-009,2026-01,809250000,666900000,780000000,253500000,224639999,156000000,145080000,0.108,0.050
BIZ-009,2026-02,750750000,666900000,780000000,253500000,224639999,156000000,145080000,0.108,0.050
BIZ-009,2026-03,770250000,666900000,780000000,253500000,224639999,156000000,145080000,0.108,0.050
BIZ-009,2026-04,789750000,666900000,780000000,253500000,224639999,156000000,145080000,0.108,0.050
BIZ-009,2026-05,809250000,666900000,780000000,253500000,224639999,156000000,145080000,0.108,0.050
BIZ-010,2025-06,375375000,347099999,390000000,140400000,93600000,46800000,79560000,0.060,0.060
BIZ-010,2025-07,385125000,347099999,390000000,140400000,93600000,46800000,79560000,0.060,0.060
BIZ-010,2025-08,394875000,347099999,390000000,140400000,93600000,46800000,79560000,0.060,0.060
BIZ-010,2025-09,404625000,347099999,390000000,140400000,93600000,46800000,79560000,0.060,0.060
BIZ-010,2025-10,375375000,347099999,390000000,140400000,93600000,46800000,79560000,0.060,0.060
BIZ-010,2025-11,385125000,347099999,390000000,140400000,93600000,46800000,79560000,0.060,0.060
BIZ-010,2025-12,394875000,347099999,390000000,140400000,93600000,46800000,79560000,0.060,0.060
BIZ-010,2026-01,404625000,347099999,390000000,140400000,93600000,46800000,79560000,0.060,0.060
BIZ-010,2026-02,375375000,347099999,390000000,140400000,93600000,46800000,79560000,0.060,0.060
BIZ-010,2026-03,385125000,347099999,390000000,140400000,93600000,46800000,79560000,0.060,0.060
BIZ-010,2026-04,394875000,347099999,390000000,140400000,93600000,46800000,79560000,0.060,0.060
BIZ-010,2026-05,404625000,347099999,390000000,140400000,93600000,46800000,79560000,0.060,0.060
BIZ-011,2025-06,875875000,841749999,910000000,359450000,229320000,127399999,202019999,0.072,0.070
BIZ-011,2025-07,898625000,841749999,910000000,359450000,229320000,127399999,202019999,0.072,0.070
BIZ-011,2025-08,921375000,841749999,910000000,359450000,229320000,127399999,202019999,0.072,0.070
BIZ-011,2025-09,944125000,841749999,910000000,359450000,229320000,127399999,202019999,0.072,0.070
BIZ-011,2025-10,875875000,841749999,910000000,359450000,229320000,127399999,202019999,0.072,0.070
BIZ-011,2025-11,898625000,841749999,910000000,359450000,229320000,127399999,202019999,0.072,0.070
BIZ-011,2025-12,921375000,841749999,910000000,359450000,229320000,127399999,202019999,0.072,0.070
BIZ-011,2026-01,944125000,841749999,910000000,359450000,229320000,127399999,202019999,0.072,0.070
BIZ-011,2026-02,875875000,841749999,910000000,359450000,229320000,127399999,202019999,0.072,0.070
BIZ-011,2026-03,898625000,841749999,910000000,359450000,229320000,127399999,202019999,0.072,0.070
BIZ-011,2026-04,921375000,841749999,910000000,359450000,229320000,127399999,202019999,0.072,0.070
BIZ-011,2026-05,944125000,841749999,910000000,359450000,229320000,127399999,202019999,0.072,0.070
BIZ-012,2025-06,433125000,369000000,450000000,99000000,118800000,72000000,108000000,0.084,0.040
BIZ-012,2025-07,444375000,369000000,450000000,99000000,118800000,72000000,108000000,0.084,0.040
BIZ-012,2025-08,455625000,369000000,450000000,99000000,118800000,72000000,108000000,0.084,0.040
BIZ-012,2025-09,466875000,369000000,450000000,99000000,118800000,72000000,108000000,0.084,0.040
BIZ-012,2025-10,433125000,369000000,450000000,99000000,118800000,72000000,108000000,0.084,0.040
BIZ-012,2025-11,444375000,369000000,450000000,99000000,118800000,72000000,108000000,0.084,0.040
BIZ-012,2025-12,455625000,369000000,450000000,99000000,118800000,72000000,108000000,0.084,0.040
BIZ-012,2026-01,466875000,369000000,450000000,99000000,118800000,72000000,108000000,0.084,0.040
BIZ-012,2026-02,433125000,369000000,450000000,99000000,118800000,72000000,108000000,0.084,0.040
BIZ-012,2026-03,444375000,369000000,450000000,99000000,118800000,72000000,108000000,0.084,0.040
BIZ-012,2026-04,455625000,369000000,450000000,99000000,118800000,72000000,108000000,0.084,0.040
BIZ-012,2026-05,466875000,369000000,450000000,99000000,118800000,72000000,108000000,0.084,0.040
BIZ-013,2025-06,3850000000,3420000000,4000000000,1020000000,1104000000,720000000,1032000000,0.096,0.050
BIZ-013,2025-07,3950000000,3420000000,4000000000,1020000000,1104000000,720000000,1032000000,0.096,0.050
BIZ-013,2025-08,4050000000,3420000000,4000000000,1020000000,1104000000,720000000,1032000000,0.096,0.050
BIZ-013,2025-09,4150000000,3420000000,4000000000,1020000000,1104000000,720000000,1032000000,0.096,0.050
BIZ-013,2025-10,3850000000,3420000000,4000000000,1020000000,1104000000,720000000,1032000000,0.096,0.050
BIZ-013,2025-11,3950000000,3420000000,4000000000,1020000000,1104000000,720000000,1032000000,0.096,0.050
BIZ-013,2025-12,4050000000,3420000000,4000000000,1020000000,1104000000,720000000,1032000000,0.096,0.050
BIZ-013,2026-01,4150000000,3420000000,4000000000,1020000000,1104000000,720000000,1032000000,0.096,0.050
BIZ-013,2026-02,3850000000,3420000000,4000000000,1020000000,1104000000,720000000,1032000000,0.096,0.050
BIZ-013,2026-03,3950000000,3420000000,4000000000,1020000000,1104000000,720000000,1032000000,0.096,0.050
BIZ-013,2026-04,4050000000,3420000000,4000000000,1020000000,1104000000,720000000,1032000000,0.096,0.050
BIZ-013,2026-05,4150000000,3420000000,4000000000,1020000000,1104000000,720000000,1032000000,0.096,0.050
BIZ-014,2025-06,4090625000,3782499999,4250000000,1232500000,1224000000,850000000,637500000,0.108,0.060
BIZ-014,2025-07,4196875000,3782499999,4250000000,1232500000,1224000000,850000000,637500000,0.108,0.060
BIZ-014,2025-08,4303125000,3782499999,4250000000,1232500000,1224000000,850000000,637500000,0.108,0.060
BIZ-014,2025-09,4409375000,3782499999,4250000000,1232500000,1224000000,850000000,637500000,0.108,0.060
BIZ-014,2025-10,4090625000,3782499999,4250000000,1232500000,1224000000,850000000,637500000,0.108,0.060
BIZ-014,2025-11,4196875000,3782499999,4250000000,1232500000,1224000000,850000000,637500000,0.108,0.060
BIZ-014,2025-12,4303125000,3782499999,4250000000,1232500000,1224000000,850000000,637500000,0.108,0.060
BIZ-014,2026-01,4409375000,3782499999,4250000000,1232500000,1224000000,850000000,637500000,0.108,0.060
BIZ-014,2026-02,4090625000,3782499999,4250000000,1232500000,1224000000,850000000,637500000,0.108,0.060
BIZ-014,2026-03,4196875000,3782499999,4250000000,1232500000,1224000000,850000000,637500000,0.108,0.060
BIZ-014,2026-04,4303125000,3782499999,4250000000,1232500000,1224000000,850000000,637500000,0.108,0.060
BIZ-014,2026-05,4409375000,3782499999,4250000000,1232500000,1224000000,850000000,637500000,0.108,0.060
BIZ-015,2025-06,1126125000,1082250000,1170000000,380250000,280800000,140400000,196559999,0.060,0.070
BIZ-015,2025-07,1155375000,1082250000,1170000000,380250000,280800000,140400000,196559999,0.060,0.070
BIZ-015,2025-08,1184625000,1082250000,1170000000,380250000,280800000,140400000,196559999,0.060,0.070
BIZ-015,2025-09,1213875000,1082250000,1170000000,380250000,280800000,140400000,196559999,0.060,0.070
BIZ-015,2025-10,1126125000,1082250000,1170000000,380250000,280800000,140400000,196559999,0.060,0.070
BIZ-015,2025-11,1155375000,1082250000,1170000000,380250000,280800000,140400000,196559999,0.060,0.070
BIZ-015,2025-12,1184625000,1082250000,1170000000,380250000,280800000,140400000,196559999,0.060,0.070
BIZ-015,2026-01,1213875000,1082250000,1170000000,380250000,280800000,140400000,196559999,0.060,0.070
BIZ-015,2026-02,1126125000,1082250000,1170000000,380250000,280800000,140400000,196559999,0.060,0.070
BIZ-015,2026-03,1155375000,1082250000,1170000000,380250000,280800000,140400000,196559999,0.060,0.070
BIZ-015,2026-04,1184625000,1082250000,1170000000,380250000,280800000,140400000,196559999,0.060,0.070
BIZ-015,2026-05,1213875000,1082250000,1170000000,380250000,280800000,140400000,196559999,0.060,0.070
BIZ-016,2025-06,1188687500,1012699999,1235000000,444600000,311220000,172899999,229710000,0.072,0.040
BIZ-016,2025-07,1219562500,1012699999,1235000000,444600000,311220000,172899999,229710000,0.072,0.040
BIZ-016,2025-08,1250437500,1012699999,1235000000,444600000,311220000,172899999,229710000,0.072,0.040
BIZ-016,2025-09,1281312500,1012699999,1235000000,444600000,311220000,172899999,229710000,0.072,0.040
BIZ-016,2025-10,1188687500,1012699999,1235000000,444600000,311220000,172899999,229710000,0.072,0.040
BIZ-016,2025-11,1219562500,1012699999,1235000000,444600000,311220000,172899999,229710000,0.072,0.040
BIZ-016,2025-12,1250437500,1012699999,1235000000,444600000,311220000,172899999,229710000,0.072,0.040
BIZ-016,2026-01,1281312500,1012699999,1235000000,444600000,311220000,172899999,229710000,0.072,0.040
BIZ-016,2026-02,1188687500,1012699999,1235000000,444600000,311220000,172899999,229710000,0.072,0.040
BIZ-016,2026-03,1219562500,1012699999,1235000000,444600000,311220000,172899999,229710000,0.072,0.040
BIZ-016,2026-04,1250437500,1012699999,1235000000,444600000,311220000,172899999,229710000,0.072,0.040
BIZ-016,2026-05,1281312500,1012699999,1235000000,444600000,311220000,172899999,229710000,0.072,0.040
BIZ-017,2025-06,4812500000,4275000000,5000000000,1975000000,1320000000,800000000,1019999999,0.084,0.050
BIZ-017,2025-07,4937500000,4275000000,5000000000,1975000000,1320000000,800000000,1019999999,0.084,0.050
BIZ-017,2025-08,5062500000,4275000000,5000000000,1975000000,1320000000,800000000,1019999999,0.084,0.050
BIZ-017,2025-09,5187500000,4275000000,5000000000,1975000000,1320000000,800000000,1019999999,0.084,0.050
BIZ-017,2025-10,4812500000,4275000000,5000000000,1975000000,1320000000,800000000,1019999999,0.084,0.050
BIZ-017,2025-11,4937500000,4275000000,5000000000,1975000000,1320000000,800000000,1019999999,0.084,0.050
BIZ-017,2025-12,5062500000,4275000000,5000000000,1975000000,1320000000,800000000,1019999999,0.084,0.050
BIZ-017,2026-01,5187500000,4275000000,5000000000,1975000000,1320000000,800000000,1019999999,0.084,0.050
BIZ-017,2026-02,4812500000,4275000000,5000000000,1975000000,1320000000,800000000,1019999999,0.084,0.050
BIZ-017,2026-03,4937500000,4275000000,5000000000,1975000000,1320000000,800000000,1019999999,0.084,0.050
BIZ-017,2026-04,5062500000,4275000000,5000000000,1975000000,1320000000,800000000,1019999999,0.084,0.050
BIZ-017,2026-05,5187500000,4275000000,5000000000,1975000000,1320000000,800000000,1019999999,0.084,0.050
BIZ-018,2025-06,2887500000,2669999999,3000000000,660000000,828000000,540000000,665999999,0.096,0.060
BIZ-018,2025-07,2962500000,2669999999,3000000000,660000000,828000000,540000000,665999999,0.096,0.060
BIZ-018,2025-08,3037500000,2669999999,3000000000,660000000,828000000,540000000,665999999,0.096,0.060
BIZ-018,2025-09,3112500000,2669999999,3000000000,660000000,828000000,540000000,665999999,0.096,0.060
BIZ-018,2025-10,2887500000,2669999999,3000000000,660000000,828000000,540000000,665999999,0.096,0.060
BIZ-018,2025-11,2962500000,2669999999,3000000000,660000000,828000000,540000000,665999999,0.096,0.060
BIZ-018,2025-12,3037500000,2669999999,3000000000,660000000,828000000,540000000,665999999,0.096,0.060
BIZ-018,2026-01,3112500000,2669999999,3000000000,660000000,828000000,540000000,665999999,0.096,0.060
BIZ-018,2026-02,2887500000,2669999999,3000000000,660000000,828000000,540000000,665999999,0.096,0.060
BIZ-018,2026-03,2962500000,2669999999,3000000000,660000000,828000000,540000000,665999999,0.096,0.060
BIZ-018,2026-04,3037500000,2669999999,3000000000,660000000,828000000,540000000,665999999,0.096,0.060
BIZ-018,2026-05,3112500000,2669999999,3000000000,660000000,828000000,540000000,665999999,0.096,0.060
BIZ-019,2025-06,813312500,781625000,845000000,215475000,243359999,169000000,202800000,0.108,0.070
BIZ-019,2025-07,834437500,781625000,845000000,215475000,243359999,169000000,202800000,0.108,0.070
BIZ-019,2025-08,855562500,781625000,845000000,215475000,243359999,169000000,202800000,0.108,0.070
BIZ-019,2025-09,876687500,781625000,845000000,215475000,243359999,169000000,202800000,0.108,0.070
BIZ-019,2025-10,813312500,781625000,845000000,215475000,243359999,169000000,202800000,0.108,0.070
BIZ-019,2025-11,834437500,781625000,845000000,215475000,243359999,169000000,202800000,0.108,0.070
BIZ-019,2025-12,855562500,781625000,845000000,215475000,243359999,169000000,202800000,0.108,0.070
BIZ-019,2026-01,876687500,781625000,845000000,215475000,243359999,169000000,202800000,0.108,0.070
BIZ-019,2026-02,813312500,781625000,845000000,215475000,243359999,169000000,202800000,0.108,0.070
BIZ-019,2026-03,834437500,781625000,845000000,215475000,243359999,169000000,202800000,0.108,0.070
BIZ-019,2026-04,855562500,781625000,845000000,215475000,243359999,169000000,202800000,0.108,0.070
BIZ-019,2026-05,876687500,781625000,845000000,215475000,243359999,169000000,202800000,0.108,0.070
BIZ-020,2025-06,875875000,746200000,910000000,263900000,218400000,109200000,234780000,0.060,0.040
BIZ-020,2025-07,898625000,746200000,910000000,263900000,218400000,109200000,234780000,0.060,0.040
BIZ-020,2025-08,921375000,746200000,910000000,263900000,218400000,109200000,234780000,0.060,0.040
BIZ-020,2025-09,944125000,746200000,910000000,263900000,218400000,109200000,234780000,0.060,0.040
BIZ-020,2025-10,875875000,746200000,910000000,263900000,218400000,109200000,234780000,0.060,0.040
BIZ-020,2025-11,898625000,746200000,910000000,263900000,218400000,109200000,234780000,0.060,0.040
BIZ-020,2025-12,921375000,746200000,910000000,263900000,218400000,109200000,234780000,0.060,0.040
BIZ-020,2026-01,944125000,746200000,910000000,263900000,218400000,109200000,234780000,0.060,0.040
BIZ-020,2026-02,875875000,746200000,910000000,263900000,218400000,109200000,234780000,0.060,0.040
BIZ-020,2026-03,898625000,746200000,910000000,263900000,218400000,109200000,234780000,0.060,0.040
BIZ-020,2026-04,921375000,746200000,910000000,263900000,218400000,109200000,234780000,0.060,0.040
BIZ-020,2026-05,944125000,746200000,910000000,263900000,218400000,109200000,234780000,0.060,0.040
BIZ-021,2025-06,938437500,833625000,975000000,316875000,245700000,136500000,146250000,0.072,0.050
BIZ-021,2025-07,962812500,833625000,975000000,316875000,245700000,136500000,146250000,0.072,0.050
BIZ-021,2025-08,987187500,833625000,975000000,316875000,245700000,136500000,146250000,0.072,0.050
BIZ-021,2025-09,1011562500,833625000,975000000,316875000,245700000,136500000,146250000,0.072,0.050
BIZ-021,2025-10,938437500,833625000,975000000,316875000,245700000,136500000,146250000,0.072,0.050
BIZ-021,2025-11,962812500,833625000,975000000,316875000,245700000,136500000,146250000,0.072,0.050
BIZ-021,2025-12,987187500,833625000,975000000,316875000,245700000,136500000,146250000,0.072,0.050
BIZ-021,2026-01,1011562500,833625000,975000000,316875000,245700000,136500000,146250000,0.072,0.050
BIZ-021,2026-02,938437500,833625000,975000000,316875000,245700000,136500000,146250000,0.072,0.050
BIZ-021,2026-03,962812500,833625000,975000000,316875000,245700000,136500000,146250000,0.072,0.050
BIZ-021,2026-04,987187500,833625000,975000000,316875000,245700000,136500000,146250000,0.072,0.050
BIZ-021,2026-05,1011562500,833625000,975000000,316875000,245700000,136500000,146250000,0.072,0.050
BIZ-022,2025-06,1001000000,925599999,1040000000,374400000,274560000,166400000,174719999,0.084,0.060
BIZ-022,2025-07,1027000000,925599999,1040000000,374400000,274560000,166400000,174719999,0.084,0.060
BIZ-022,2025-08,1053000000,925599999,1040000000,374400000,274560000,166400000,174719999,0.084,0.060
BIZ-022,2025-09,1079000000,925599999,1040000000,374400000,274560000,166400000,174719999,0.084,0.060
BIZ-022,2025-10,1001000000,925599999,1040000000,374400000,274560000,166400000,174719999,0.084,0.060
BIZ-022,2025-11,1027000000,925599999,1040000000,374400000,274560000,166400000,174719999,0.084,0.060
BIZ-022,2025-12,1053000000,925599999,1040000000,374400000,274560000,166400000,174719999,0.084,0.060
BIZ-022,2026-01,1079000000,925599999,1040000000,374400000,274560000,166400000,174719999,0.084,0.060
BIZ-022,2026-02,1001000000,925599999,1040000000,374400000,274560000,166400000,174719999,0.084,0.060
BIZ-022,2026-03,1027000000,925599999,1040000000,374400000,274560000,166400000,174719999,0.084,0.060
BIZ-022,2026-04,1053000000,925599999,1040000000,374400000,274560000,166400000,174719999,0.084,0.060
BIZ-022,2026-05,1079000000,925599999,1040000000,374400000,274560000,166400000,174719999,0.084,0.060
BIZ-023,2025-06,1063562500,1022124999,1105000000,436475000,304980000,198900000,205530000,0.096,0.070
BIZ-023,2025-07,1091187500,1022124999,1105000000,436475000,304980000,198900000,205530000,0.096,0.070
BIZ-023,2025-08,1118812500,1022124999,1105000000,436475000,304980000,198900000,205530000,0.096,0.070
BIZ-023,2025-09,1146437500,1022124999,1105000000,436475000,304980000,198900000,205530000,0.096,0.070
BIZ-023,2025-10,1063562500,1022124999,1105000000,436475000,304980000,198900000,205530000,0.096,0.070
BIZ-023,2025-11,1091187500,1022124999,1105000000,436475000,304980000,198900000,205530000,0.096,0.070
BIZ-023,2025-12,1118812500,1022124999,1105000000,436475000,304980000,198900000,205530000,0.096,0.070
BIZ-023,2026-01,1146437500,1022124999,1105000000,436475000,304980000,198900000,205530000,0.096,0.070
BIZ-023,2026-02,1063562500,1022124999,1105000000,436475000,304980000,198900000,205530000,0.096,0.070
BIZ-023,2026-03,1091187500,1022124999,1105000000,436475000,304980000,198900000,205530000,0.096,0.070
BIZ-023,2026-04,1118812500,1022124999,1105000000,436475000,304980000,198900000,205530000,0.096,0.070
BIZ-023,2026-05,1146437500,1022124999,1105000000,436475000,304980000,198900000,205530000,0.096,0.070
BIZ-024,2025-06,1126125000,959400000,1170000000,257400000,336960000,234000000,238679999,0.108,0.040
BIZ-024,2025-07,1155375000,959400000,1170000000,257400000,336960000,234000000,238679999,0.108,0.040
BIZ-024,2025-08,1184625000,959400000,1170000000,257400000,336960000,234000000,238679999,0.108,0.040
BIZ-024,2025-09,1213875000,959400000,1170000000,257400000,336960000,234000000,238679999,0.108,0.040
BIZ-024,2025-10,1126125000,959400000,1170000000,257400000,336960000,234000000,238679999,0.108,0.040
BIZ-024,2025-11,1155375000,959400000,1170000000,257400000,336960000,234000000,238679999,0.108,0.040
BIZ-024,2025-12,1184625000,959400000,1170000000,257400000,336960000,234000000,238679999,0.108,0.040
BIZ-024,2026-01,1213875000,959400000,1170000000,257400000,336960000,234000000,238679999,0.108,0.040
BIZ-024,2026-02,1126125000,959400000,1170000000,257400000,336960000,234000000,238679999,0.108,0.040
BIZ-024,2026-03,1155375000,959400000,1170000000,257400000,336960000,234000000,238679999,0.108,0.040
BIZ-024,2026-04,1184625000,959400000,1170000000,257400000,336960000,234000000,238679999,0.108,0.040
BIZ-024,2026-05,1213875000,959400000,1170000000,257400000,336960000,234000000,238679999,0.108,0.040
BIZ-025,2025-06,1188687500,1055925000,1235000000,314925000,296400000,148200000,274169999,0.060,0.050
BIZ-025,2025-07,1219562500,1055925000,1235000000,314925000,296400000,148200000,274169999,0.060,0.050
BIZ-025,2025-08,1250437500,1055925000,1235000000,314925000,296400000,148200000,274169999,0.060,0.050
BIZ-025,2025-09,1281312500,1055925000,1235000000,314925000,296400000,148200000,274169999,0.060,0.050
BIZ-025,2025-10,1188687500,1055925000,1235000000,314925000,296400000,148200000,274169999,0.060,0.050
BIZ-025,2025-11,1219562500,1055925000,1235000000,314925000,296400000,148200000,274169999,0.060,0.050
BIZ-025,2025-12,1250437500,1055925000,1235000000,314925000,296400000,148200000,274169999,0.060,0.050
BIZ-025,2026-01,1281312500,1055925000,1235000000,314925000,296400000,148200000,274169999,0.060,0.050
BIZ-025,2026-02,1188687500,1055925000,1235000000,314925000,296400000,148200000,274169999,0.060,0.050
BIZ-025,2026-03,1219562500,1055925000,1235000000,314925000,296400000,148200000,274169999,0.060,0.050
BIZ-025,2026-04,1250437500,1055925000,1235000000,314925000,296400000,148200000,274169999,0.060,0.050
BIZ-025,2026-05,1281312500,1055925000,1235000000,314925000,296400000,148200000,274169999,0.060,0.050
BIZ-026,2025-06,577500000,533999999,600000000,174000000,151200000,83999999,144000000,0.072,0.060
BIZ-026,2025-07,592500000,533999999,600000000,174000000,151200000,83999999,144000000,0.072,0.060
BIZ-026,2025-08,607500000,533999999,600000000,174000000,151200000,83999999,144000000,0.072,0.060
BIZ-026,2025-09,622500000,533999999,600000000,174000000,151200000,83999999,144000000,0.072,0.060
BIZ-026,2025-10,577500000,533999999,600000000,174000000,151200000,83999999,144000000,0.072,0.060
BIZ-026,2025-11,592500000,533999999,600000000,174000000,151200000,83999999,144000000,0.072,0.060
BIZ-026,2025-12,607500000,533999999,600000000,174000000,151200000,83999999,144000000,0.072,0.060
BIZ-026,2026-01,622500000,533999999,600000000,174000000,151200000,83999999,144000000,0.072,0.060
BIZ-026,2026-02,577500000,533999999,600000000,174000000,151200000,83999999,144000000,0.072,0.060
BIZ-026,2026-03,592500000,533999999,600000000,174000000,151200000,83999999,144000000,0.072,0.060
BIZ-026,2026-04,607500000,533999999,600000000,174000000,151200000,83999999,144000000,0.072,0.060
BIZ-026,2026-05,622500000,533999999,600000000,174000000,151200000,83999999,144000000,0.072,0.060
BIZ-027,2025-06,750750000,721500000,780000000,253500000,205920000,124800000,201240000,0.084,0.070
BIZ-027,2025-07,770250000,721500000,780000000,253500000,205920000,124800000,201240000,0.084,0.070
BIZ-027,2025-08,789750000,721500000,780000000,253500000,205920000,124800000,201240000,0.084,0.070
BIZ-027,2025-09,809250000,721500000,780000000,253500000,205920000,124800000,201240000,0.084,0.070
BIZ-027,2025-10,750750000,721500000,780000000,253500000,205920000,124800000,201240000,0.084,0.070
BIZ-027,2025-11,770250000,721500000,780000000,253500000,205920000,124800000,201240000,0.084,0.070
BIZ-027,2025-12,789750000,721500000,780000000,253500000,205920000,124800000,201240000,0.084,0.070
BIZ-027,2026-01,809250000,721500000,780000000,253500000,205920000,124800000,201240000,0.084,0.070
BIZ-027,2026-02,750750000,721500000,780000000,253500000,205920000,124800000,201240000,0.084,0.070
BIZ-027,2026-03,770250000,721500000,780000000,253500000,205920000,124800000,201240000,0.084,0.070
BIZ-027,2026-04,789750000,721500000,780000000,253500000,205920000,124800000,201240000,0.084,0.070
BIZ-027,2026-05,809250000,721500000,780000000,253500000,205920000,124800000,201240000,0.084,0.070
BIZ-028,2025-06,813312500,692900000,845000000,304200000,233220000,152100000,126750000,0.096,0.040
BIZ-028,2025-07,834437500,692900000,845000000,304200000,233220000,152100000,126750000,0.096,0.040
BIZ-028,2025-08,855562500,692900000,845000000,304200000,233220000,152100000,126750000,0.096,0.040
BIZ-028,2025-09,876687500,692900000,845000000,304200000,233220000,152100000,126750000,0.096,0.040
BIZ-028,2025-10,813312500,692900000,845000000,304200000,233220000,152100000,126750000,0.096,0.040
BIZ-028,2025-11,834437500,692900000,845000000,304200000,233220000,152100000,126750000,0.096,0.040
BIZ-028,2025-12,855562500,692900000,845000000,304200000,233220000,152100000,126750000,0.096,0.040
BIZ-028,2026-01,876687500,692900000,845000000,304200000,233220000,152100000,126750000,0.096,0.040
BIZ-028,2026-02,813312500,692900000,845000000,304200000,233220000,152100000,126750000,0.096,0.040
BIZ-028,2026-03,834437500,692900000,845000000,304200000,233220000,152100000,126750000,0.096,0.040
BIZ-028,2026-04,855562500,692900000,845000000,304200000,233220000,152100000,126750000,0.096,0.040
BIZ-028,2026-05,876687500,692900000,845000000,304200000,233220000,152100000,126750000,0.096,0.040
BIZ-029,2025-06,404250000,359100000,420000000,165900000,120959999,84000000,70560000,0.108,0.050
BIZ-029,2025-07,414750000,359100000,420000000,165900000,120959999,84000000,70560000,0.108,0.050
BIZ-029,2025-08,425250000,359100000,420000000,165900000,120959999,84000000,70560000,0.108,0.050
BIZ-029,2025-09,435750000,359100000,420000000,165900000,120959999,84000000,70560000,0.108,0.050
BIZ-029,2025-10,404250000,359100000,420000000,165900000,120959999,84000000,70560000,0.108,0.050
BIZ-029,2025-11,414750000,359100000,420000000,165900000,120959999,84000000,70560000,0.108,0.050
BIZ-029,2025-12,425250000,359100000,420000000,165900000,120959999,84000000,70560000,0.108,0.050
BIZ-029,2026-01,435750000,359100000,420000000,165900000,120959999,84000000,70560000,0.108,0.050
BIZ-029,2026-02,404250000,359100000,420000000,165900000,120959999,84000000,70560000,0.108,0.050
BIZ-029,2026-03,414750000,359100000,420000000,165900000,120959999,84000000,70560000,0.108,0.050
BIZ-029,2026-04,425250000,359100000,420000000,165900000,120959999,84000000,70560000,0.108,0.050
BIZ-029,2026-05,435750000,359100000,420000000,165900000,120959999,84000000,70560000,0.108,0.050
BIZ-030,2025-06,938437500,867749999,975000000,214500000,234000000,117000000,181350000,0.060,0.060
BIZ-030,2025-07,962812500,867749999,975000000,214500000,234000000,117000000,181350000,0.060,0.060
BIZ-030,2025-08,987187500,867749999,975000000,214500000,234000000,117000000,181350000,0.060,0.060
BIZ-030,2025-09,1011562500,867749999,975000000,214500000,234000000,117000000,181350000,0.060,0.060
BIZ-030,2025-10,938437500,867749999,975000000,214500000,234000000,117000000,181350000,0.060,0.060
BIZ-030,2025-11,962812500,867749999,975000000,214500000,234000000,117000000,181350000,0.060,0.060
BIZ-030,2025-12,987187500,867749999,975000000,214500000,234000000,117000000,181350000,0.060,0.060
BIZ-030,2026-01,1011562500,867749999,975000000,214500000,234000000,117000000,181350000,0.060,0.060
BIZ-030,2026-02,938437500,867749999,975000000,214500000,234000000,117000000,181350000,0.060,0.060
BIZ-030,2026-03,962812500,867749999,975000000,214500000,234000000,117000000,181350000,0.060,0.060
BIZ-030,2026-04,987187500,867749999,975000000,214500000,234000000,117000000,181350000,0.060,0.060
BIZ-030,2026-05,1011562500,867749999,975000000,214500000,234000000,117000000,181350000,0.060,0.060
BIZ-031,2025-06,462000000,443999999,480000000,122400000,120960000,67200000,97920000,0.072,0.070
BIZ-031,2025-07,474000000,443999999,480000000,122400000,120960000,67200000,97920000,0.072,0.070
BIZ-031,2025-08,486000000,443999999,480000000,122400000,120960000,67200000,97920000,0.072,0.070
BIZ-031,2025-09,498000000,443999999,480000000,122400000,120960000,67200000,97920000,0.072,0.070
BIZ-031,2025-10,462000000,443999999,480000000,122400000,120960000,67200000,97920000,0.072,0.070
BIZ-031,2025-11,474000000,443999999,480000000,122400000,120960000,67200000,97920000,0.072,0.070
BIZ-031,2025-12,486000000,443999999,480000000,122400000,120960000,67200000,97920000,0.072,0.070
BIZ-031,2026-01,498000000,443999999,480000000,122400000,120960000,67200000,97920000,0.072,0.070
BIZ-031,2026-02,462000000,443999999,480000000,122400000,120960000,67200000,97920000,0.072,0.070
BIZ-031,2026-03,474000000,443999999,480000000,122400000,120960000,67200000,97920000,0.072,0.070
BIZ-031,2026-04,486000000,443999999,480000000,122400000,120960000,67200000,97920000,0.072,0.070
BIZ-031,2026-05,498000000,443999999,480000000,122400000,120960000,67200000,97920000,0.072,0.070
BIZ-032,2025-06,1063562500,906100000,1105000000,320450000,291720000,176800000,245309999,0.084,0.040
BIZ-032,2025-07,1091187500,906100000,1105000000,320450000,291720000,176800000,245309999,0.084,0.040
BIZ-032,2025-08,1118812500,906100000,1105000000,320450000,291720000,176800000,245309999,0.084,0.040
BIZ-032,2025-09,1146437500,906100000,1105000000,320450000,291720000,176800000,245309999,0.084,0.040
BIZ-032,2025-10,1063562500,906100000,1105000000,320450000,291720000,176800000,245309999,0.084,0.040
BIZ-032,2025-11,1091187500,906100000,1105000000,320450000,291720000,176800000,245309999,0.084,0.040
BIZ-032,2025-12,1118812500,906100000,1105000000,320450000,291720000,176800000,245309999,0.084,0.040
BIZ-032,2026-01,1146437500,906100000,1105000000,320450000,291720000,176800000,245309999,0.084,0.040
BIZ-032,2026-02,1063562500,906100000,1105000000,320450000,291720000,176800000,245309999,0.084,0.040
BIZ-032,2026-03,1091187500,906100000,1105000000,320450000,291720000,176800000,245309999,0.084,0.040
BIZ-032,2026-04,1118812500,906100000,1105000000,320450000,291720000,176800000,245309999,0.084,0.040
BIZ-032,2026-05,1146437500,906100000,1105000000,320450000,291720000,176800000,245309999,0.084,0.040
BIZ-033,2025-06,519750000,461700000,540000000,175500000,149040000,97200000,129600000,0.096,0.050
BIZ-033,2025-07,533250000,461700000,540000000,175500000,149040000,97200000,129600000,0.096,0.050
BIZ-033,2025-08,546750000,461700000,540000000,175500000,149040000,97200000,129600000,0.096,0.050
BIZ-033,2025-09,560250000,461700000,540000000,175500000,149040000,97200000,129600000,0.096,0.050
BIZ-033,2025-10,519750000,461700000,540000000,175500000,149040000,97200000,129600000,0.096,0.050
BIZ-033,2025-11,533250000,461700000,540000000,175500000,149040000,97200000,129600000,0.096,0.050
BIZ-033,2025-12,546750000,461700000,540000000,175500000,149040000,97200000,129600000,0.096,0.050
BIZ-033,2026-01,560250000,461700000,540000000,175500000,149040000,97200000,129600000,0.096,0.050
BIZ-033,2026-02,519750000,461700000,540000000,175500000,149040000,97200000,129600000,0.096,0.050
BIZ-033,2026-03,533250000,461700000,540000000,175500000,149040000,97200000,129600000,0.096,0.050
BIZ-033,2026-04,546750000,461700000,540000000,175500000,149040000,97200000,129600000,0.096,0.050
BIZ-033,2026-05,560250000,461700000,540000000,175500000,149040000,97200000,129600000,0.096,0.050
BIZ-034,2025-06,1188687500,1099149999,1235000000,444600000,355680000,247000000,318630000,0.108,0.060
BIZ-034,2025-07,1219562500,1099149999,1235000000,444600000,355680000,247000000,318630000,0.108,0.060
BIZ-034,2025-08,1250437500,1099149999,1235000000,444600000,355680000,247000000,318630000,0.108,0.060
BIZ-034,2025-09,1281312500,1099149999,1235000000,444600000,355680000,247000000,318630000,0.108,0.060
BIZ-034,2025-10,1188687500,1099149999,1235000000,444600000,355680000,247000000,318630000,0.108,0.060
BIZ-034,2025-11,1219562500,1099149999,1235000000,444600000,355680000,247000000,318630000,0.108,0.060
BIZ-034,2025-12,1250437500,1099149999,1235000000,444600000,355680000,247000000,318630000,0.108,0.060
BIZ-034,2026-01,1281312500,1099149999,1235000000,444600000,355680000,247000000,318630000,0.108,0.060
BIZ-034,2026-02,1188687500,1099149999,1235000000,444600000,355680000,247000000,318630000,0.108,0.060
BIZ-034,2026-03,1219562500,1099149999,1235000000,444600000,355680000,247000000,318630000,0.108,0.060
BIZ-034,2026-04,1250437500,1099149999,1235000000,444600000,355680000,247000000,318630000,0.108,0.060
BIZ-034,2026-05,1281312500,1099149999,1235000000,444600000,355680000,247000000,318630000,0.108,0.060
BIZ-035,2025-06,577500000,555000000,600000000,237000000,144000000,72000000,90000000,0.060,0.070
BIZ-035,2025-07,592500000,555000000,600000000,237000000,144000000,72000000,90000000,0.060,0.070
BIZ-035,2025-08,607500000,555000000,600000000,237000000,144000000,72000000,90000000,0.060,0.070
BIZ-035,2025-09,622500000,555000000,600000000,237000000,144000000,72000000,90000000,0.060,0.070
BIZ-035,2025-10,577500000,555000000,600000000,237000000,144000000,72000000,90000000,0.060,0.070
BIZ-035,2025-11,592500000,555000000,600000000,237000000,144000000,72000000,90000000,0.060,0.070
BIZ-035,2025-12,607500000,555000000,600000000,237000000,144000000,72000000,90000000,0.060,0.070
BIZ-035,2026-01,622500000,555000000,600000000,237000000,144000000,72000000,90000000,0.060,0.070
BIZ-035,2026-02,577500000,555000000,600000000,237000000,144000000,72000000,90000000,0.060,0.070
BIZ-035,2026-03,592500000,555000000,600000000,237000000,144000000,72000000,90000000,0.060,0.070
BIZ-035,2026-04,607500000,555000000,600000000,237000000,144000000,72000000,90000000,0.060,0.070
BIZ-035,2026-05,622500000,555000000,600000000,237000000,144000000,72000000,90000000,0.060,0.070
BIZ-036,2025-06,346500000,295200000,360000000,79200000,90720000,50399999,60479999,0.072,0.040
BIZ-036,2025-07,355500000,295200000,360000000,79200000,90720000,50399999,60479999,0.072,0.040
BIZ-036,2025-08,364500000,295200000,360000000,79200000,90720000,50399999,60479999,0.072,0.040
BIZ-036,2025-09,373500000,295200000,360000000,79200000,90720000,50399999,60479999,0.072,0.040
BIZ-036,2025-10,346500000,295200000,360000000,79200000,90720000,50399999,60479999,0.072,0.040
BIZ-036,2025-11,355500000,295200000,360000000,79200000,90720000,50399999,60479999,0.072,0.040
BIZ-036,2025-12,364500000,295200000,360000000,79200000,90720000,50399999,60479999,0.072,0.040
BIZ-036,2026-01,373500000,295200000,360000000,79200000,90720000,50399999,60479999,0.072,0.040
BIZ-036,2026-02,346500000,295200000,360000000,79200000,90720000,50399999,60479999,0.072,0.040
BIZ-036,2026-03,355500000,295200000,360000000,79200000,90720000,50399999,60479999,0.072,0.040
BIZ-036,2026-04,364500000,295200000,360000000,79200000,90720000,50399999,60479999,0.072,0.040
BIZ-036,2026-05,373500000,295200000,360000000,79200000,90720000,50399999,60479999,0.072,0.040
BIZ-037,2025-06,375375000,333450000,390000000,99450000,102960000,62400000,72540000,0.084,0.050
BIZ-037,2025-07,385125000,333450000,390000000,99450000,102960000,62400000,72540000,0.084,0.050
BIZ-037,2025-08,394875000,333450000,390000000,99450000,102960000,62400000,72540000,0.084,0.050
BIZ-037,2025-09,404625000,333450000,390000000,99450000,102960000,62400000,72540000,0.084,0.050
BIZ-037,2025-10,375375000,333450000,390000000,99450000,102960000,62400000,72540000,0.084,0.050
BIZ-037,2025-11,385125000,333450000,390000000,99450000,102960000,62400000,72540000,0.084,0.050
BIZ-037,2025-12,394875000,333450000,390000000,99450000,102960000,62400000,72540000,0.084,0.050
BIZ-037,2026-01,404625000,333450000,390000000,99450000,102960000,62400000,72540000,0.084,0.050
BIZ-037,2026-02,375375000,333450000,390000000,99450000,102960000,62400000,72540000,0.084,0.050
BIZ-037,2026-03,385125000,333450000,390000000,99450000,102960000,62400000,72540000,0.084,0.050
BIZ-037,2026-04,394875000,333450000,390000000,99450000,102960000,62400000,72540000,0.084,0.050
BIZ-037,2026-05,404625000,333450000,390000000,99450000,102960000,62400000,72540000,0.084,0.050
BIZ-038,2025-06,404250000,373799999,420000000,121800000,115920000,75600000,85680000,0.096,0.060
BIZ-038,2025-07,414750000,373799999,420000000,121800000,115920000,75600000,85680000,0.096,0.060
BIZ-038,2025-08,425250000,373799999,420000000,121800000,115920000,75600000,85680000,0.096,0.060
BIZ-038,2025-09,435750000,373799999,420000000,121800000,115920000,75600000,85680000,0.096,0.060
BIZ-038,2025-10,404250000,373799999,420000000,121800000,115920000,75600000,85680000,0.096,0.060
BIZ-038,2025-11,414750000,373799999,420000000,121800000,115920000,75600000,85680000,0.096,0.060
BIZ-038,2025-12,425250000,373799999,420000000,121800000,115920000,75600000,85680000,0.096,0.060
BIZ-038,2026-01,435750000,373799999,420000000,121800000,115920000,75600000,85680000,0.096,0.060
BIZ-038,2026-02,404250000,373799999,420000000,121800000,115920000,75600000,85680000,0.096,0.060
BIZ-038,2026-03,414750000,373799999,420000000,121800000,115920000,75600000,85680000,0.096,0.060
BIZ-038,2026-04,425250000,373799999,420000000,121800000,115920000,75600000,85680000,0.096,0.060
BIZ-038,2026-05,435750000,373799999,420000000,121800000,115920000,75600000,85680000,0.096,0.060
BIZ-039,2025-06,433125000,416249999,450000000,146250000,129599999,90000000,99899999,0.108,0.070
BIZ-039,2025-07,444375000,416249999,450000000,146250000,129599999,90000000,99899999,0.108,0.070
BIZ-039,2025-08,455625000,416249999,450000000,146250000,129599999,90000000,99899999,0.108,0.070
BIZ-039,2025-09,466875000,416249999,450000000,146250000,129599999,90000000,99899999,0.108,0.070
BIZ-039,2025-10,433125000,416249999,450000000,146250000,129599999,90000000,99899999,0.108,0.070
BIZ-039,2025-11,444375000,416249999,450000000,146250000,129599999,90000000,99899999,0.108,0.070
BIZ-039,2025-12,455625000,416249999,450000000,146250000,129599999,90000000,99899999,0.108,0.070
BIZ-039,2026-01,466875000,416249999,450000000,146250000,129599999,90000000,99899999,0.108,0.070
BIZ-039,2026-02,433125000,416249999,450000000,146250000,129599999,90000000,99899999,0.108,0.070
BIZ-039,2026-03,444375000,416249999,450000000,146250000,129599999,90000000,99899999,0.108,0.070
BIZ-039,2026-04,455625000,416249999,450000000,146250000,129599999,90000000,99899999,0.108,0.070
BIZ-039,2026-05,466875000,416249999,450000000,146250000,129599999,90000000,99899999,0.108,0.070
BIZ-040,2025-06,462000000,393600000,480000000,172800000,115200000,57600000,115200000,0.060,0.040
BIZ-040,2025-07,474000000,393600000,480000000,172800000,115200000,57600000,115200000,0.060,0.040
BIZ-040,2025-08,486000000,393600000,480000000,172800000,115200000,57600000,115200000,0.060,0.040
BIZ-040,2025-09,498000000,393600000,480000000,172800000,115200000,57600000,115200000,0.060,0.040
BIZ-040,2025-10,462000000,393600000,480000000,172800000,115200000,57600000,115200000,0.060,0.040
BIZ-040,2025-11,474000000,393600000,480000000,172800000,115200000,57600000,115200000,0.060,0.040
BIZ-040,2025-12,486000000,393600000,480000000,172800000,115200000,57600000,115200000,0.060,0.040
BIZ-040,2026-01,498000000,393600000,480000000,172800000,115200000,57600000,115200000,0.060,0.040
BIZ-040,2026-02,462000000,393600000,480000000,172800000,115200000,57600000,115200000,0.060,0.040
BIZ-040,2026-03,474000000,393600000,480000000,172800000,115200000,57600000,115200000,0.060,0.040
BIZ-040,2026-04,486000000,393600000,480000000,172800000,115200000,57600000,115200000,0.060,0.040
BIZ-040,2026-05,498000000,393600000,480000000,172800000,115200000,57600000,115200000,0.060,0.040
BIZ-041,2025-06,490875000,436050000,510000000,201450000,128520000,71400000,131580000,0.072,0.050
BIZ-041,2025-07,503625000,436050000,510000000,201450000,128520000,71400000,131580000,0.072,0.050
BIZ-041,2025-08,516375000,436050000,510000000,201450000,128520000,71400000,131580000,0.072,0.050
BIZ-041,2025-09,529125000,436050000,510000000,201450000,128520000,71400000,131580000,0.072,0.050
BIZ-041,2025-10,490875000,436050000,510000000,201450000,128520000,71400000,131580000,0.072,0.050
BIZ-041,2025-11,503625000,436050000,510000000,201450000,128520000,71400000,131580000,0.072,0.050
BIZ-041,2025-12,516375000,436050000,510000000,201450000,128520000,71400000,131580000,0.072,0.050
BIZ-041,2026-01,529125000,436050000,510000000,201450000,128520000,71400000,131580000,0.072,0.050
BIZ-041,2026-02,490875000,436050000,510000000,201450000,128520000,71400000,131580000,0.072,0.050
BIZ-041,2026-03,503625000,436050000,510000000,201450000,128520000,71400000,131580000,0.072,0.050
BIZ-041,2026-04,516375000,436050000,510000000,201450000,128520000,71400000,131580000,0.072,0.050
BIZ-041,2026-05,529125000,436050000,510000000,201450000,128520000,71400000,131580000,0.072,0.050
BIZ-042,2025-06,519750000,480599999,540000000,118800000,142560000,86400000,81000000,0.084,0.060
BIZ-042,2025-07,533250000,480599999,540000000,118800000,142560000,86400000,81000000,0.084,0.060
BIZ-042,2025-08,546750000,480599999,540000000,118800000,142560000,86400000,81000000,0.084,0.060
BIZ-042,2025-09,560250000,480599999,540000000,118800000,142560000,86400000,81000000,0.084,0.060
BIZ-042,2025-10,519750000,480599999,540000000,118800000,142560000,86400000,81000000,0.084,0.060
BIZ-042,2025-11,533250000,480599999,540000000,118800000,142560000,86400000,81000000,0.084,0.060
BIZ-042,2025-12,546750000,480599999,540000000,118800000,142560000,86400000,81000000,0.084,0.060
BIZ-042,2026-01,560250000,480599999,540000000,118800000,142560000,86400000,81000000,0.084,0.060
BIZ-042,2026-02,519750000,480599999,540000000,118800000,142560000,86400000,81000000,0.084,0.060
BIZ-042,2026-03,533250000,480599999,540000000,118800000,142560000,86400000,81000000,0.084,0.060
BIZ-042,2026-04,546750000,480599999,540000000,118800000,142560000,86400000,81000000,0.084,0.060
BIZ-042,2026-05,560250000,480599999,540000000,118800000,142560000,86400000,81000000,0.084,0.060
BIZ-043,2025-06,548625000,527249999,570000000,145350000,157320000,102600000,95759999,0.096,0.070
BIZ-043,2025-07,562875000,527249999,570000000,145350000,157320000,102600000,95759999,0.096,0.070
BIZ-043,2025-08,577125000,527249999,570000000,145350000,157320000,102600000,95759999,0.096,0.070
BIZ-043,2025-09,591375000,527249999,570000000,145350000,157320000,102600000,95759999,0.096,0.070
BIZ-043,2025-10,548625000,527249999,570000000,145350000,157320000,102600000,95759999,0.096,0.070
BIZ-043,2025-11,562875000,527249999,570000000,145350000,157320000,102600000,95759999,0.096,0.070
BIZ-043,2025-12,577125000,527249999,570000000,145350000,157320000,102600000,95759999,0.096,0.070
BIZ-043,2026-01,591375000,527249999,570000000,145350000,157320000,102600000,95759999,0.096,0.070
BIZ-043,2026-02,548625000,527249999,570000000,145350000,157320000,102600000,95759999,0.096,0.070
BIZ-043,2026-03,562875000,527249999,570000000,145350000,157320000,102600000,95759999,0.096,0.070
BIZ-043,2026-04,577125000,527249999,570000000,145350000,157320000,102600000,95759999,0.096,0.070
BIZ-043,2026-05,591375000,527249999,570000000,145350000,157320000,102600000,95759999,0.096,0.070
BIZ-044,2025-06,577500000,492000000,600000000,174000000,172800000,120000000,111600000,0.108,0.040
BIZ-044,2025-07,592500000,492000000,600000000,174000000,172800000,120000000,111600000,0.108,0.040
BIZ-044,2025-08,607500000,492000000,600000000,174000000,172800000,120000000,111600000,0.108,0.040
BIZ-044,2025-09,622500000,492000000,600000000,174000000,172800000,120000000,111600000,0.108,0.040
BIZ-044,2025-10,577500000,492000000,600000000,174000000,172800000,120000000,111600000,0.108,0.040
BIZ-044,2025-11,592500000,492000000,600000000,174000000,172800000,120000000,111600000,0.108,0.040
BIZ-044,2025-12,607500000,492000000,600000000,174000000,172800000,120000000,111600000,0.108,0.040
BIZ-044,2026-01,622500000,492000000,600000000,174000000,172800000,120000000,111600000,0.108,0.040
BIZ-044,2026-02,577500000,492000000,600000000,174000000,172800000,120000000,111600000,0.108,0.040
BIZ-044,2026-03,592500000,492000000,600000000,174000000,172800000,120000000,111600000,0.108,0.040
BIZ-044,2026-04,607500000,492000000,600000000,174000000,172800000,120000000,111600000,0.108,0.040
BIZ-044,2026-05,622500000,492000000,600000000,174000000,172800000,120000000,111600000,0.108,0.040
BIZ-045,2025-06,346500000,307800000,360000000,117000000,86400000,43200000,73440000,0.060,0.050
BIZ-045,2025-07,355500000,307800000,360000000,117000000,86400000,43200000,73440000,0.060,0.050
BIZ-045,2025-08,364500000,307800000,360000000,117000000,86400000,43200000,73440000,0.060,0.050
BIZ-045,2025-09,373500000,307800000,360000000,117000000,86400000,43200000,73440000,0.060,0.050
BIZ-045,2025-10,346500000,307800000,360000000,117000000,86400000,43200000,73440000,0.060,0.050
BIZ-045,2025-11,355500000,307800000,360000000,117000000,86400000,43200000,73440000,0.060,0.050
BIZ-045,2025-12,364500000,307800000,360000000,117000000,86400000,43200000,73440000,0.060,0.050
BIZ-045,2026-01,373500000,307800000,360000000,117000000,86400000,43200000,73440000,0.060,0.050
BIZ-045,2026-02,346500000,307800000,360000000,117000000,86400000,43200000,73440000,0.060,0.050
BIZ-045,2026-03,355500000,307800000,360000000,117000000,86400000,43200000,73440000,0.060,0.050
BIZ-045,2026-04,364500000,307800000,360000000,117000000,86400000,43200000,73440000,0.060,0.050
BIZ-045,2026-05,373500000,307800000,360000000,117000000,86400000,43200000,73440000,0.060,0.050
BIZ-046,2025-06,813312500,752049999,845000000,304200000,212940000,118299999,187589999,0.072,0.060
BIZ-046,2025-07,834437500,752049999,845000000,304200000,212940000,118299999,187589999,0.072,0.060
BIZ-046,2025-08,855562500,752049999,845000000,304200000,212940000,118299999,187589999,0.072,0.060
BIZ-046,2025-09,876687500,752049999,845000000,304200000,212940000,118299999,187589999,0.072,0.060
BIZ-046,2025-10,813312500,752049999,845000000,304200000,212940000,118299999,187589999,0.072,0.060
BIZ-046,2025-11,834437500,752049999,845000000,304200000,212940000,118299999,187589999,0.072,0.060
BIZ-046,2025-12,855562500,752049999,845000000,304200000,212940000,118299999,187589999,0.072,0.060
BIZ-046,2026-01,876687500,752049999,845000000,304200000,212940000,118299999,187589999,0.072,0.060
BIZ-046,2026-02,813312500,752049999,845000000,304200000,212940000,118299999,187589999,0.072,0.060
BIZ-046,2026-03,834437500,752049999,845000000,304200000,212940000,118299999,187589999,0.072,0.060
BIZ-046,2026-04,855562500,752049999,845000000,304200000,212940000,118299999,187589999,0.072,0.060
BIZ-046,2026-05,876687500,752049999,845000000,304200000,212940000,118299999,187589999,0.072,0.060
BIZ-047,2025-06,404250000,388500000,420000000,165900000,110880000,67200000,100800000,0.084,0.070
BIZ-047,2025-07,414750000,388500000,420000000,165900000,110880000,67200000,100800000,0.084,0.070
BIZ-047,2025-08,425250000,388500000,420000000,165900000,110880000,67200000,100800000,0.084,0.070
BIZ-047,2025-09,435750000,388500000,420000000,165900000,110880000,67200000,100800000,0.084,0.070
BIZ-047,2025-10,404250000,388500000,420000000,165900000,110880000,67200000,100800000,0.084,0.070
BIZ-047,2025-11,414750000,388500000,420000000,165900000,110880000,67200000,100800000,0.084,0.070
BIZ-047,2025-12,425250000,388500000,420000000,165900000,110880000,67200000,100800000,0.084,0.070
BIZ-047,2026-01,435750000,388500000,420000000,165900000,110880000,67200000,100800000,0.084,0.070
BIZ-047,2026-02,404250000,388500000,420000000,165900000,110880000,67200000,100800000,0.084,0.070
BIZ-047,2026-03,414750000,388500000,420000000,165900000,110880000,67200000,100800000,0.084,0.070
BIZ-047,2026-04,425250000,388500000,420000000,165900000,110880000,67200000,100800000,0.084,0.070
BIZ-047,2026-05,435750000,388500000,420000000,165900000,110880000,67200000,100800000,0.084,0.070
BIZ-048,2025-06,433125000,369000000,450000000,99000000,124200000,81000000,116100000,0.096,0.040
BIZ-048,2025-07,444375000,369000000,450000000,99000000,124200000,81000000,116100000,0.096,0.040
BIZ-048,2025-08,455625000,369000000,450000000,99000000,124200000,81000000,116100000,0.096,0.040
BIZ-048,2025-09,466875000,369000000,450000000,99000000,124200000,81000000,116100000,0.096,0.040
BIZ-048,2025-10,433125000,369000000,450000000,99000000,124200000,81000000,116100000,0.096,0.040
BIZ-048,2025-11,444375000,369000000,450000000,99000000,124200000,81000000,116100000,0.096,0.040
BIZ-048,2025-12,455625000,369000000,450000000,99000000,124200000,81000000,116100000,0.096,0.040
BIZ-048,2026-01,466875000,369000000,450000000,99000000,124200000,81000000,116100000,0.096,0.040
BIZ-048,2026-02,433125000,369000000,450000000,99000000,124200000,81000000,116100000,0.096,0.040
BIZ-048,2026-03,444375000,369000000,450000000,99000000,124200000,81000000,116100000,0.096,0.040
BIZ-048,2026-04,455625000,369000000,450000000,99000000,124200000,81000000,116100000,0.096,0.040
BIZ-048,2026-05,466875000,369000000,450000000,99000000,124200000,81000000,116100000,0.096,0.040
BIZ-049,2025-06,462000000,410400000,480000000,122400000,138240000,96000000,72000000,0.108,0.050
BIZ-049,2025-07,474000000,410400000,480000000,122400000,138240000,96000000,72000000,0.108,0.050
BIZ-049,2025-08,486000000,410400000,480000000,122400000,138240000,96000000,72000000,0.108,0.050
BIZ-049,2025-09,498000000,410400000,480000000,122400000,138240000,96000000,72000000,0.108,0.050
BIZ-049,2025-10,462000000,410400000,480000000,122400000,138240000,96000000,72000000,0.108,0.050
BIZ-049,2025-11,474000000,410400000,480000000,122400000,138240000,96000000,72000000,0.108,0.050
BIZ-049,2025-12,486000000,410400000,480000000,122400000,138240000,96000000,72000000,0.108,0.050
BIZ-049,2026-01,498000000,410400000,480000000,122400000,138240000,96000000,72000000,0.108,0.050
BIZ-049,2026-02,462000000,410400000,480000000,122400000,138240000,96000000,72000000,0.108,0.050
BIZ-049,2026-03,474000000,410400000,480000000,122400000,138240000,96000000,72000000,0.108,0.050
BIZ-049,2026-04,486000000,410400000,480000000,122400000,138240000,96000000,72000000,0.108,0.050
BIZ-049,2026-05,498000000,410400000,480000000,122400000,138240000,96000000,72000000,0.108,0.050
BIZ-050,2025-06,490875000,453899999,510000000,147900000,122400000,61200000,85679999,0.060,0.060
BIZ-050,2025-07,503625000,453899999,510000000,147900000,122400000,61200000,85679999,0.060,0.060
BIZ-050,2025-08,516375000,453899999,510000000,147900000,122400000,61200000,85679999,0.060,0.060
BIZ-050,2025-09,529125000,453899999,510000000,147900000,122400000,61200000,85679999,0.060,0.060
BIZ-050,2025-10,490875000,453899999,510000000,147900000,122400000,61200000,85679999,0.060,0.060
BIZ-050,2025-11,503625000,453899999,510000000,147900000,122400000,61200000,85679999,0.060,0.060
BIZ-050,2025-12,516375000,453899999,510000000,147900000,122400000,61200000,85679999,0.060,0.060
BIZ-050,2026-01,529125000,453899999,510000000,147900000,122400000,61200000,85679999,0.060,0.060
BIZ-050,2026-02,490875000,453899999,510000000,147900000,122400000,61200000,85679999,0.060,0.060
BIZ-050,2026-03,503625000,453899999,510000000,147900000,122400000,61200000,85679999,0.060,0.060
BIZ-050,2026-04,516375000,453899999,510000000,147900000,122400000,61200000,85679999,0.060,0.060
BIZ-050,2026-05,529125000,453899999,510000000,147900000,122400000,61200000,85679999,0.060,0.060
BIZ-051,2025-06,519750000,499499999,540000000,175500000,136080000,75599999,100440000,0.072,0.070
BIZ-051,2025-07,533250000,499499999,540000000,175500000,136080000,75599999,100440000,0.072,0.070
BIZ-051,2025-08,546750000,499499999,540000000,175500000,136080000,75599999,100440000,0.072,0.070
BIZ-051,2025-09,560250000,499499999,540000000,175500000,136080000,75599999,100440000,0.072,0.070
BIZ-051,2025-10,519750000,499499999,540000000,175500000,136080000,75599999,100440000,0.072,0.070
BIZ-051,2025-11,533250000,499499999,540000000,175500000,136080000,75599999,100440000,0.072,0.070
BIZ-051,2025-12,546750000,499499999,540000000,175500000,136080000,75599999,100440000,0.072,0.070
BIZ-051,2026-01,560250000,499499999,540000000,175500000,136080000,75599999,100440000,0.072,0.070
BIZ-051,2026-02,519750000,499499999,540000000,175500000,136080000,75599999,100440000,0.072,0.070
BIZ-051,2026-03,533250000,499499999,540000000,175500000,136080000,75599999,100440000,0.072,0.070
BIZ-051,2026-04,546750000,499499999,540000000,175500000,136080000,75599999,100440000,0.072,0.070
BIZ-051,2026-05,560250000,499499999,540000000,175500000,136080000,75599999,100440000,0.072,0.070
BIZ-052,2025-06,548625000,467400000,570000000,205200000,150480000,91200000,116279999,0.084,0.040
BIZ-052,2025-07,562875000,467400000,570000000,205200000,150480000,91200000,116279999,0.084,0.040
BIZ-052,2025-08,577125000,467400000,570000000,205200000,150480000,91200000,116279999,0.084,0.040
BIZ-052,2025-09,591375000,467400000,570000000,205200000,150480000,91200000,116279999,0.084,0.040
BIZ-052,2025-10,548625000,467400000,570000000,205200000,150480000,91200000,116279999,0.084,0.040
BIZ-052,2025-11,562875000,467400000,570000000,205200000,150480000,91200000,116279999,0.084,0.040
BIZ-052,2025-12,577125000,467400000,570000000,205200000,150480000,91200000,116279999,0.084,0.040
BIZ-052,2026-01,591375000,467400000,570000000,205200000,150480000,91200000,116279999,0.084,0.040
BIZ-052,2026-02,548625000,467400000,570000000,205200000,150480000,91200000,116279999,0.084,0.040
BIZ-052,2026-03,562875000,467400000,570000000,205200000,150480000,91200000,116279999,0.084,0.040
BIZ-052,2026-04,577125000,467400000,570000000,205200000,150480000,91200000,116279999,0.084,0.040
BIZ-052,2026-05,591375000,467400000,570000000,205200000,150480000,91200000,116279999,0.084,0.040
BIZ-053,2025-06,1251250000,1111500000,1300000000,513500000,358800000,234000000,288599999,0.096,0.050
BIZ-053,2025-07,1283750000,1111500000,1300000000,513500000,358800000,234000000,288599999,0.096,0.050
BIZ-053,2025-08,1316250000,1111500000,1300000000,513500000,358800000,234000000,288599999,0.096,0.050
BIZ-053,2025-09,1348750000,1111500000,1300000000,513500000,358800000,234000000,288599999,0.096,0.050
BIZ-053,2025-10,1251250000,1111500000,1300000000,513500000,358800000,234000000,288599999,0.096,0.050
BIZ-053,2025-11,1283750000,1111500000,1300000000,513500000,358800000,234000000,288599999,0.096,0.050
BIZ-053,2025-12,1316250000,1111500000,1300000000,513500000,358800000,234000000,288599999,0.096,0.050
BIZ-053,2026-01,1348750000,1111500000,1300000000,513500000,358800000,234000000,288599999,0.096,0.050
BIZ-053,2026-02,1251250000,1111500000,1300000000,513500000,358800000,234000000,288599999,0.096,0.050
BIZ-053,2026-03,1283750000,1111500000,1300000000,513500000,358800000,234000000,288599999,0.096,0.050
BIZ-053,2026-04,1316250000,1111500000,1300000000,513500000,358800000,234000000,288599999,0.096,0.050
BIZ-053,2026-05,1348750000,1111500000,1300000000,513500000,358800000,234000000,288599999,0.096,0.050
BIZ-054,2025-06,346500000,320399999,360000000,79200000,103679999,72000000,86400000,0.108,0.060
BIZ-054,2025-07,355500000,320399999,360000000,79200000,103679999,72000000,86400000,0.108,0.060
BIZ-054,2025-08,364500000,320399999,360000000,79200000,103679999,72000000,86400000,0.108,0.060
BIZ-054,2025-09,373500000,320399999,360000000,79200000,103679999,72000000,86400000,0.108,0.060
BIZ-054,2025-10,346500000,320399999,360000000,79200000,103679999,72000000,86400000,0.108,0.060
BIZ-054,2025-11,355500000,320399999,360000000,79200000,103679999,72000000,86400000,0.108,0.060
BIZ-054,2025-12,364500000,320399999,360000000,79200000,103679999,72000000,86400000,0.108,0.060
BIZ-054,2026-01,373500000,320399999,360000000,79200000,103679999,72000000,86400000,0.108,0.060
BIZ-054,2026-02,346500000,320399999,360000000,79200000,103679999,72000000,86400000,0.108,0.060
BIZ-054,2026-03,355500000,320399999,360000000,79200000,103679999,72000000,86400000,0.108,0.060
BIZ-054,2026-04,364500000,320399999,360000000,79200000,103679999,72000000,86400000,0.108,0.060
BIZ-054,2026-05,373500000,320399999,360000000,79200000,103679999,72000000,86400000,0.108,0.060
BIZ-055,2025-06,375375000,360750000,390000000,99450000,93600000,46800000,100620000,0.060,0.070
BIZ-055,2025-07,385125000,360750000,390000000,99450000,93600000,46800000,100620000,0.060,0.070
BIZ-055,2025-08,394875000,360750000,390000000,99450000,93600000,46800000,100620000,0.060,0.070
BIZ-055,2025-09,404625000,360750000,390000000,99450000,93600000,46800000,100620000,0.060,0.070
BIZ-055,2025-10,375375000,360750000,390000000,99450000,93600000,46800000,100620000,0.060,0.070
BIZ-055,2025-11,385125000,360750000,390000000,99450000,93600000,46800000,100620000,0.060,0.070
BIZ-055,2025-12,394875000,360750000,390000000,99450000,93600000,46800000,100620000,0.060,0.070
BIZ-055,2026-01,404625000,360750000,390000000,99450000,93600000,46800000,100620000,0.060,0.070
BIZ-055,2026-02,375375000,360750000,390000000,99450000,93600000,46800000,100620000,0.060,0.070
BIZ-055,2026-03,385125000,360750000,390000000,99450000,93600000,46800000,100620000,0.060,0.070
BIZ-055,2026-04,394875000,360750000,390000000,99450000,93600000,46800000,100620000,0.060,0.070
BIZ-055,2026-05,404625000,360750000,390000000,99450000,93600000,46800000,100620000,0.060,0.070
BIZ-056,2025-06,404250000,344400000,420000000,121800000,105840000,58799999,63000000,0.072,0.040
BIZ-056,2025-07,414750000,344400000,420000000,121800000,105840000,58799999,63000000,0.072,0.040
BIZ-056,2025-08,425250000,344400000,420000000,121800000,105840000,58799999,63000000,0.072,0.040
BIZ-056,2025-09,435750000,344400000,420000000,121800000,105840000,58799999,63000000,0.072,0.040
BIZ-056,2025-10,404250000,344400000,420000000,121800000,105840000,58799999,63000000,0.072,0.040
BIZ-056,2025-11,414750000,344400000,420000000,121800000,105840000,58799999,63000000,0.072,0.040
BIZ-056,2025-12,425250000,344400000,420000000,121800000,105840000,58799999,63000000,0.072,0.040
BIZ-056,2026-01,435750000,344400000,420000000,121800000,105840000,58799999,63000000,0.072,0.040
BIZ-056,2026-02,404250000,344400000,420000000,121800000,105840000,58799999,63000000,0.072,0.040
BIZ-056,2026-03,414750000,344400000,420000000,121800000,105840000,58799999,63000000,0.072,0.040
BIZ-056,2026-04,425250000,344400000,420000000,121800000,105840000,58799999,63000000,0.072,0.040
BIZ-056,2026-05,435750000,344400000,420000000,121800000,105840000,58799999,63000000,0.072,0.040
BIZ-057,2025-06,433125000,384750000,450000000,146250000,118800000,72000000,75599999,0.084,0.050
BIZ-057,2025-07,444375000,384750000,450000000,146250000,118800000,72000000,75599999,0.084,0.050
BIZ-057,2025-08,455625000,384750000,450000000,146250000,118800000,72000000,75599999,0.084,0.050
BIZ-057,2025-09,466875000,384750000,450000000,146250000,118800000,72000000,75599999,0.084,0.050
BIZ-057,2025-10,433125000,384750000,450000000,146250000,118800000,72000000,75599999,0.084,0.050
BIZ-057,2025-11,444375000,384750000,450000000,146250000,118800000,72000000,75599999,0.084,0.050
BIZ-057,2025-12,455625000,384750000,450000000,146250000,118800000,72000000,75599999,0.084,0.050
BIZ-057,2026-01,466875000,384750000,450000000,146250000,118800000,72000000,75599999,0.084,0.050
BIZ-057,2026-02,433125000,384750000,450000000,146250000,118800000,72000000,75599999,0.084,0.050
BIZ-057,2026-03,444375000,384750000,450000000,146250000,118800000,72000000,75599999,0.084,0.050
BIZ-057,2026-04,455625000,384750000,450000000,146250000,118800000,72000000,75599999,0.084,0.050
BIZ-057,2026-05,466875000,384750000,450000000,146250000,118800000,72000000,75599999,0.084,0.050
BIZ-058,2025-06,462000000,427199999,480000000,172800000,132480000,86400000,89280000,0.096,0.060
BIZ-058,2025-07,474000000,427199999,480000000,172800000,132480000,86400000,89280000,0.096,0.060
BIZ-058,2025-08,486000000,427199999,480000000,172800000,132480000,86400000,89280000,0.096,0.060
BIZ-058,2025-09,498000000,427199999,480000000,172800000,132480000,86400000,89280000,0.096,0.060
BIZ-058,2025-10,462000000,427199999,480000000,172800000,132480000,86400000,89280000,0.096,0.060
BIZ-058,2025-11,474000000,427199999,480000000,172800000,132480000,86400000,89280000,0.096,0.060
BIZ-058,2025-12,486000000,427199999,480000000,172800000,132480000,86400000,89280000,0.096,0.060
BIZ-058,2026-01,498000000,427199999,480000000,172800000,132480000,86400000,89280000,0.096,0.060
BIZ-058,2026-02,462000000,427199999,480000000,172800000,132480000,86400000,89280000,0.096,0.060
BIZ-058,2026-03,474000000,427199999,480000000,172800000,132480000,86400000,89280000,0.096,0.060
BIZ-058,2026-04,486000000,427199999,480000000,172800000,132480000,86400000,89280000,0.096,0.060
BIZ-058,2026-05,498000000,427199999,480000000,172800000,132480000,86400000,89280000,0.096,0.060
BIZ-059,2025-06,490875000,471749999,510000000,201450000,146880000,102000000,104040000,0.108,0.070
BIZ-059,2025-07,503625000,471749999,510000000,201450000,146880000,102000000,104040000,0.108,0.070
BIZ-059,2025-08,516375000,471749999,510000000,201450000,146880000,102000000,104040000,0.108,0.070
BIZ-059,2025-09,529125000,471749999,510000000,201450000,146880000,102000000,104040000,0.108,0.070
BIZ-059,2025-10,490875000,471749999,510000000,201450000,146880000,102000000,104040000,0.108,0.070
BIZ-059,2025-11,503625000,471749999,510000000,201450000,146880000,102000000,104040000,0.108,0.070
BIZ-059,2025-12,516375000,471749999,510000000,201450000,146880000,102000000,104040000,0.108,0.070
BIZ-059,2026-01,529125000,471749999,510000000,201450000,146880000,102000000,104040000,0.108,0.070
BIZ-059,2026-02,490875000,471749999,510000000,201450000,146880000,102000000,104040000,0.108,0.070
BIZ-059,2026-03,503625000,471749999,510000000,201450000,146880000,102000000,104040000,0.108,0.070
BIZ-059,2026-04,516375000,471749999,510000000,201450000,146880000,102000000,104040000,0.108,0.070
BIZ-059,2026-05,529125000,471749999,510000000,201450000,146880000,102000000,104040000,0.108,0.070
BIZ-060,2025-06,519750000,442800000,540000000,118800000,129600000,64800000,119879999,0.060,0.040
BIZ-060,2025-07,533250000,442800000,540000000,118800000,129600000,64800000,119879999,0.060,0.040
BIZ-060,2025-08,546750000,442800000,540000000,118800000,129600000,64800000,119879999,0.060,0.040
BIZ-060,2025-09,560250000,442800000,540000000,118800000,129600000,64800000,119879999,0.060,0.040
BIZ-060,2025-10,519750000,442800000,540000000,118800000,129600000,64800000,119879999,0.060,0.040
BIZ-060,2025-11,533250000,442800000,540000000,118800000,129600000,64800000,119879999,0.060,0.040
BIZ-060,2025-12,546750000,442800000,540000000,118800000,129600000,64800000,119879999,0.060,0.040
BIZ-060,2026-01,560250000,442800000,540000000,118800000,129600000,64800000,119879999,0.060,0.040
BIZ-060,2026-02,519750000,442800000,540000000,118800000,129600000,64800000,119879999,0.060,0.040
BIZ-060,2026-03,533250000,442800000,540000000,118800000,129600000,64800000,119879999,0.060,0.040
BIZ-060,2026-04,546750000,442800000,540000000,118800000,129600000,64800000,119879999,0.060,0.040
BIZ-060,2026-05,560250000,442800000,540000000,118800000,129600000,64800000,119879999,0.060,0.040
BIZ-061,2025-06,0,0,4750000000,0,0,0,0,0.010,0.000
BIZ-061,2025-07,0,0,4750000000,0,0,0,0,0.010,0.000
BIZ-061,2025-08,0,0,4750000000,0,0,0,0,0.010,0.000
BIZ-061,2025-09,0,0,4750000000,0,0,0,0,0.010,0.000
BIZ-061,2025-10,0,0,4750000000,0,0,0,0,0.010,0.000
BIZ-061,2025-11,0,0,4750000000,0,0,0,0,0.010,0.000
BIZ-061,2025-12,0,0,4750000000,0,0,0,0,0.010,0.000
BIZ-061,2026-01,0,0,4750000000,0,0,0,0,0.010,0.000
BIZ-061,2026-02,0,0,4750000000,0,0,0,0,0.010,0.000
BIZ-061,2026-03,0,0,4750000000,0,0,0,0,0.010,0.000
BIZ-061,2026-04,0,0,4750000000,0,0,0,0,0.010,0.000
BIZ-061,2026-05,0,0,4750000000,0,0,0,0,0.010,0.000
BIZ-062,2025-06,0,0,5000000000,0,0,0,0,0.010,0.000
BIZ-062,2025-07,0,0,5000000000,0,0,0,0,0.010,0.000
BIZ-062,2025-08,0,0,5000000000,0,0,0,0,0.010,0.000
BIZ-062,2025-09,0,0,5000000000,0,0,0,0,0.010,0.000
BIZ-062,2025-10,0,0,5000000000,0,0,0,0,0.010,0.000
BIZ-062,2025-11,0,0,5000000000,0,0,0,0,0.010,0.000
BIZ-062,2025-12,0,0,5000000000,0,0,0,0,0.010,0.000
BIZ-062,2026-01,0,0,5000000000,0,0,0,0,0.010,0.000
BIZ-062,2026-02,0,0,5000000000,0,0,0,0,0.010,0.000
BIZ-062,2026-03,0,0,5000000000,0,0,0,0,0.010,0.000
BIZ-062,2026-04,0,0,5000000000,0,0,0,0,0.010,0.000
BIZ-062,2026-05,0,0,5000000000,0,0,0,0,0.010,0.000
